[{
  "TaskName":"BDAT1000 Assignment 1",
  "Content":"Data Analysis & Visualization",
  "DueTo":"3/10/2020",
  "Owner":"Bill",
  "isComplete":true
},
{
  "TaskName":"BDAT1001 Self-study",
  "Content":"C# programming",
  "DueTo":"3/31/2020",
  "Owner":"Bill",
  "isComplete":false
},
{
  "TaskName":"BDAT1002 In-class 1",
  "Content":"Hadoop command",
  "DueTo":"3/15/2020",
  "Owner":"Alan",
  "isComplete":true
},
{
  "TaskName":"BDAT1003 MRP Project",
  "Content":"Proposal and project charter",
  "DueTo":"4/10/2020",
  "Owner":"Terry",
  "isComplete":true
},
{
  "TaskName":"BDAT1004 Data collecting",
  "Content":"Pandas",
  "DueTo":"3/17/2020",
  "Owner":"Moll",
  "isComplete":true
}]